{
  "multipart": [
    {
      "apply": {
        "model": "minecraft:block/leaf_litter_1"
      },
      "when": {
        "facing": "north",
        "segment_amount": "1|2|3|4"
      }
    },
    {
      "apply": {
        "model": "minecraft:block/leaf_litter_1_s",
        "y": 90
      },
      "when": {
        "facing": "east",
        "segment_amount": "1|2|3|4"
      }
    },
    {
      "apply": {
        "model": "minecraft:block/leaf_litter_1_c",
        "y": 180
      },
      "when": {
        "facing": "south",
        "segment_amount": "1|2|3|4"
      }
    },
    {
      "apply": {
        "model": "minecraft:block/leaf_litter_1_g",
        "y": 270
      },
      "when": {
        "facing": "west",
        "segment_amount": "1|2|3|4"
      }
    },
    {
      "apply": {
        "model": "minecraft:block/leaf_litter_2"
      },
      "when": {
        "facing": "north",
        "segment_amount": "2|3|4"
      }
    },
    {
      "apply": {
        "model": "minecraft:block/leaf_litter_2_s",
        "y": 90
      },
      "when": {
        "facing": "east",
        "segment_amount": "2|3|4"
      }
    },
    {
      "apply": {
        "model": "minecraft:block/leaf_litter_2_c",
        "y": 180
      },
      "when": {
        "facing": "south",
        "segment_amount": "2|3|4"
      }
    },
    {
      "apply": {
        "model": "minecraft:block/leaf_litter_2_g",
        "y": 270
      },
      "when": {
        "facing": "west",
        "segment_amount": "2|3|4"
      }
    },
    {
      "apply": {
        "model": "minecraft:block/leaf_litter_3"
      },
      "when": {
        "facing": "north",
        "segment_amount": "3|4"
      }
    },
    {
      "apply": {
        "model": "minecraft:block/leaf_litter_3_s",
        "y": 90
      },
      "when": {
        "facing": "east",
        "segment_amount": "3|4"
      }
    },
    {
      "apply": {
        "model": "minecraft:block/leaf_litter_3_c",
        "y": 180
      },
      "when": {
        "facing": "south",
        "segment_amount": "3|4"
      }
    },
    {
      "apply": {
        "model": "minecraft:block/leaf_litter_3_g",
        "y": 270
      },
      "when": {
        "facing": "west",
        "segment_amount": "3|4"
      }
    },
    {
      "apply": {
        "model": "minecraft:block/leaf_litter_4"
      },
      "when": {
        "facing": "north",
        "segment_amount": "4"
      }
    },
    {
      "apply": {
        "model": "minecraft:block/leaf_litter_4_s",
        "y": 90
      },
      "when": {
        "facing": "east",
        "segment_amount": "4"
      }
    },
    {
      "apply": {
        "model": "minecraft:block/leaf_litter_4_c",
        "y": 180
      },
      "when": {
        "facing": "south",
        "segment_amount": "4"
      }
    },
    {
      "apply": {
        "model": "minecraft:block/leaf_litter_4_g",
        "y": 270
      },
      "when": {
        "facing": "west",
        "segment_amount": "4"
      }
    }
  ]
}