{
	"credit": "Made with Blockbench",
	"textures": {
		"bottom": "block/cake_bottom",
		"top": "block/cake_top",
		"particle": "block/cake_side",
		"side": "block/cake_side",
		"inside": "block/cake_inner"
	},
	"elements": [
		{
			"from": [4.5, 0, 1],
			"to": [15, 8, 15],
			"faces": {
				"north": {"uv": [1, 8, 11.5, 16], "texture": "#side"},
				"east": {"uv": [1, 8, 15, 16], "texture": "#side"},
				"south": {"uv": [4.5, 8, 15, 16], "texture": "#side"},
				"west": {"uv": [1, 8, 15, 16], "texture": "#inside"},
				"up": {"uv": [4.5, 1, 15, 15], "texture": "#top"},
				"down": {"uv": [4.5, 1, 15, 15], "texture": "#bottom", "cullface": "down"}
			}
		}
	]
}