{
	"multipart": [
	{
      "when": {"inverted": "false", "power": "0"},
      "apply": {
        "model": "minecraft:block/daylight_detector_d0"
      }
    },
	{
      "when": {"inverted": "false", "power": "1"},
      "apply": {
        "model": "minecraft:block/daylight_detector_d1"
      }
    },
	{
      "when": {"inverted": "false", "power": "2"},
      "apply": {
        "model": "minecraft:block/daylight_detector_d2"
      }
    },
	{
      "when": {"inverted": "false", "power": "3"},
      "apply": {
        "model": "minecraft:block/daylight_detector_d3"
      }
    },
	{
      "when": {"inverted": "false", "power": "4"},
      "apply": {
        "model": "minecraft:block/daylight_detector_d4"
      }
    },
	{
      "when": {"inverted": "false", "power": "5"},
      "apply": {
        "model": "minecraft:block/daylight_detector_d5"
      }
    },
	{
      "when": {"inverted": "false", "power": "6"},
      "apply": {
        "model": "minecraft:block/daylight_detector_d6"
      }
    },
	{
      "when": {"inverted": "false", "power": "7"},
      "apply": {
        "model": "minecraft:block/daylight_detector_d7"
      }
    },
	{
      "when": {"inverted": "false", "power": "8"},
      "apply": {
        "model": "minecraft:block/daylight_detector_d8"
      }
    },
	{
      "when": {"inverted": "false", "power": "9"},
      "apply": {
        "model": "minecraft:block/daylight_detector_d9"
      }
    },
	{
      "when": {"inverted": "false", "power": "10"},
      "apply": {
        "model": "minecraft:block/daylight_detector_d10"
      }
    },
	{
      "when": {"inverted": "false", "power": "11"},
      "apply": {
        "model": "minecraft:block/daylight_detector_d11"
      }
    },
	{
      "when": {"inverted": "false", "power": "12"},
      "apply": {
        "model": "minecraft:block/daylight_detector_d12"
      }
    },
	{
      "when": {"inverted": "false", "power": "13"},
      "apply": {
        "model": "minecraft:block/daylight_detector_d13"
      }
    },
	{
      "when": {"inverted": "false", "power": "14"},
      "apply": {
        "model": "minecraft:block/daylight_detector_d14"
      }
    },
	{
      "when": {"inverted": "false", "power": "15"},
      "apply": {
        "model": "minecraft:block/daylight_detector_d15"
      }
    },
	
	{
      "when": {"inverted": "true", "power": "0"},
      "apply": {
        "model": "minecraft:block/daylight_detector_n0"
      }
    },
	{
      "when": {"inverted": "true", "power": "1"},
      "apply": {
        "model": "minecraft:block/daylight_detector_n1"
      }
    },
	{
      "when": {"inverted": "true", "power": "2"},
      "apply": {
        "model": "minecraft:block/daylight_detector_n2"
      }
    },
	{
      "when": {"inverted": "true", "power": "3"},
      "apply": {
        "model": "minecraft:block/daylight_detector_n3"
      }
    },
	{
      "when": {"inverted": "true", "power": "4"},
      "apply": {
        "model": "minecraft:block/daylight_detector_n4"
      }
    },
	{
      "when": {"inverted": "true", "power": "5"},
      "apply": {
        "model": "minecraft:block/daylight_detector_n5"
      }
    },
	{
      "when": {"inverted": "true", "power": "6"},
      "apply": {
        "model": "minecraft:block/daylight_detector_n6"
      }
    },
	{
      "when": {"inverted": "true", "power": "7"},
      "apply": {
        "model": "minecraft:block/daylight_detector_n7"
      }
    },
	{
      "when": {"inverted": "true", "power": "8"},
      "apply": {
        "model": "minecraft:block/daylight_detector_n8"
      }
    },
	{
      "when": {"inverted": "true", "power": "9"},
      "apply": {
        "model": "minecraft:block/daylight_detector_n9"
      }
    },
	{
      "when": {"inverted": "true", "power": "10"},
      "apply": {
        "model": "minecraft:block/daylight_detector_n10"
      }
    },
	{
      "when": {"inverted": "true", "power": "11"},
      "apply": {
        "model": "minecraft:block/daylight_detector_n11"
      }
    },
	{
      "when": {"inverted": "true", "power": "12"},
      "apply": {
        "model": "minecraft:block/daylight_detector_n12"
      }
    },
	{
      "when": {"inverted": "true", "power": "13"},
      "apply": {
        "model": "minecraft:block/daylight_detector_n13"
      }
    },
	{
      "when": {"inverted": "true", "power": "14"},
      "apply": {
        "model": "minecraft:block/daylight_detector_n14"
      }
    },
	{
      "when": {"inverted": "true", "power": "15"},
      "apply": {
        "model": "minecraft:block/daylight_detector_n15"
      }
    }
	]
}